Workbook

Sheet Summary
A1: Minnesota TMJ Clinics
A2: Every TMJ and orofacial-pain clinic in Minnesota we could find: the federal NPI Registry (CMS) plus a statewide web search, each clinic checked on the web. Updated October 19, 2026.
A4: =COUNTA('TMJ Clinics'!$A:$A)-1 -> 33 | C4: =COUNTIF('TMJ Clinics'!$P:$P,"No") -> 1
A5: TMJ clinics across Minnesota | C5: of them are not on Xpert Connect yet
A6: ="Plus "&(COUNTA('Oral Surgeons (TMJ)'!$A:$A)-1)&" oral and maxillofacial surgery practices whose own website offers TMJ treatment, on the 'Oral Surgeons (TMJ)' sheet." -> Plus 33 oral and maxillofacial surgery practices whose own website offers TMJ treatment, on the 'Oral Surgeons (TMJ)' sheet.
A8: By region
A9: Region | B9: TMJ clinics | C9: Not on Xpert Connect | D9: Oral surgeons (TMJ)
A10: Twin Cities Metro | B10: =COUNTIF('TMJ Clinics'!$J:$J,$A10) -> 27 | C10: =COUNTIFS('TMJ Clinics'!$J:$J,$A10,'TMJ Clinics'!$P:$P,"No") -> 1 | D10: =COUNTIF('Oral Surgeons (TMJ)'!$J:$J,$A10) -> 24
A11: Central Minnesota | B11: =COUNTIF('TMJ Clinics'!$J:$J,$A11) -> 1 | C11: =COUNTIFS('TMJ Clinics'!$J:$J,$A11,'TMJ Clinics'!$P:$P,"No") -> 0 | D11: =COUNTIF('Oral Surgeons (TMJ)'!$J:$J,$A11) -> 2
A12: Northeast Minnesota | B12: =COUNTIF('TMJ Clinics'!$J:$J,$A12) -> 0 | C12: =COUNTIFS('TMJ Clinics'!$J:$J,$A12,'TMJ Clinics'!$P:$P,"No") -> 0 | D12: =COUNTIF('Oral Surgeons (TMJ)'!$J:$J,$A12) -> 5
A13: Northwest Minnesota | B13: =COUNTIF('TMJ Clinics'!$J:$J,$A13) -> 0 | C13: =COUNTIFS('TMJ Clinics'!$J:$J,$A13,'TMJ Clinics'!$P:$P,"No") -> 0 | D13: =COUNTIF('Oral Surgeons (TMJ)'!$J:$J,$A13) -> 0
A14: West Central Minnesota | B14: =COUNTIF('TMJ Clinics'!$J:$J,$A14) -> 1 | C14: =COUNTIFS('TMJ Clinics'!$J:$J,$A14,'TMJ Clinics'!$P:$P,"No") -> 0 | D14: =COUNTIF('Oral Surgeons (TMJ)'!$J:$J,$A14) -> 0
A15: South Central Minnesota | B15: =COUNTIF('TMJ Clinics'!$J:$J,$A15) -> 1 | C15: =COUNTIFS('TMJ Clinics'!$J:$J,$A15,'TMJ Clinics'!$P:$P,"No") -> 0 | D15: =COUNTIF('Oral Surgeons (TMJ)'!$J:$J,$A15) -> 1
A16: Southeast Minnesota | B16: =COUNTIF('TMJ Clinics'!$J:$J,$A16) -> 3 | C16: =COUNTIFS('TMJ Clinics'!$J:$J,$A16,'TMJ Clinics'!$P:$P,"No") -> 0 | D16: =COUNTIF('Oral Surgeons (TMJ)'!$J:$J,$A16) -> 1
A17: Southwest Minnesota | B17: =COUNTIF('TMJ Clinics'!$J:$J,$A17) -> 0 | C17: =COUNTIFS('TMJ Clinics'!$J:$J,$A17,'TMJ Clinics'!$P:$P,"No") -> 0 | D17: =COUNTIF('Oral Surgeons (TMJ)'!$J:$J,$A17) -> 0
A18: Total | B18: =SUM(B10:B17) -> 33 | C18: =SUM(C10:C17) -> 1 | D18: =SUM(D10:D17) -> 33

Sheet TMJ Clinics
A1: Clinic Name | B1: Specialty Group | C1: Also In | D1: Specialties | E1: TMJ Specialists Here | F1: Street | G1: Suite | H1: City | I1: County | J1: Region | K1: ZIP | L1: Phone | M1: Website | N1: Web Check | O1: Providers at Address | P1: On Xpert Connect | Q1: Registry Updated | R1: Legal Name | S1: NPI | T1: Map | U1: NPPES Record
A2: The Facial Pain Center | B2: TMJ Specialists | D2: TMJ Treatment | E2: Patricia Fernandes Boettner, DDS, MS | F2: 4190 108th Ave NE | G2: Ste 130 | H2: Blaine | I2: Anoka | J2: Twin Cities Metro | K2: 55449 | L2: (651) 636-2016 | M2: thefacialpaincenter.com | N2: Confirmed | O2: 0 | P2: Yes | Q2: 46245 | R2: Facial Pain Center PLLC | S2: 1407325830 | T2: Map | U2: Record
A3: Minnesota Head and Neck Pain Clinic, PA | B3: TMJ Specialists | D3: TMJ Clinic | E3: James Fricton, DDS; Pathamas Mittman, DDS, MS; Saranya Varun, BDS, MDS; Thiago Nascimento, DDS | F3: 675 E Nicollet Blvd | G3: Ste 255 | H3: Burnsville | I3: Dakota | J3: Twin Cities Metro | K3: 55337 | L3: (952) 892-6222 | M3: mhnpc.com | N3: Confirmed | O3: 4 | P3: Yes | Q3: 45490 | R3: Minnesota Head and Neck Pain Clinic, PA | S3: 1255715181 | T3: Map | U3: Record
A4: The Facial Pain Center | B4: TMJ Specialists | D4: TMJ Clinic | E4: Davina Kumar, DMD, MS | F4: 40 W Nicollet Blvd | H4: Burnsville | I4: Dakota | J4: Twin Cities Metro | K4: 55337 | L4: (952) 926-3858 | M4: thefacialpaincenter.com | N4: Confirmed | O4: 1 | P4: Yes | Q4: 44132 | R4: Pdg, PA. | S4: 1821473927 | T4: Map | U4: Record
A5: The Facial Pain Center | B5: TMJ Specialists | D5: Orofacial Pain | E5: Davina Kumar, DMD, MS | F5: 4200 W Old Shakopee Rd | G5: Ste 100 | H5: Bloomington | I5: Hennepin | J5: Twin Cities Metro | K5: 55437 | L5: (952) 926-3858 | M5: thefacialpaincenter.com | N5: Confirmed | O5: 1 | P5: Yes | Q5: 45545 | R5: Davina Kumar, DMD | S5: 1043839574 | T5: Map | U5: Record
A6: Gallagher Dentistry & Facial Pain Center | B6: TMJ Specialists | D6: TMJ Treatment | E6: Michael Gallagher, DDS | F6: 11800 Singletree Ln | G6: Ste 208 | H6: Eden Prairie | I6: Hennepin | J6: Twin Cities Metro | K6: 55344 | L6: (952) 942-9600 | M6: gallaghercosmeticdentistry.com | N6: Confirmed | O6: 0 | P6: Yes | Q6: 44065 | R6: Gallagher Cosmetic &family Dentistry, PA | S6: 1841353992 | T6: Map | U6: Record
A7: Twin Cities TMJ & Facial Pain Clinic | B7: TMJ Specialists | D7: TMJ Clinic | E7: Shanti Kaimal, BDS, MS; David Streif, DDS | F7: 4956 Lincoln Dr | H7: Edina | I7: Hennepin | J7: Twin Cities Metro | K7: 55436 | L7: (952) 931-9961 | M7: twincitiestmj.com | N7: New address | O7: 0 | P7: Yes | Q7: 39548 | R7: Twin Cities TMJ & Facial Pain Clinic, LTD. | S7: 1225201213 | T7: Map | U7: Record
A8: Zoya's Orofacial Pain and Dental Sleep Remedies PLLC | B8: TMJ Specialists | C8: Oral Surgery | D8: Orofacial Pain, TMJ Clinic, TMJ Treatment, Oral & Maxillofacial Surgery | E8: Mariam Siddiqui, BDS, MS | F8: 1405 Lilac Lane Drive North | G8: Ste 150 K | H8: Golden Valley | I8: Hennepin | J8: Twin Cities Metro | K8: 55422 | L8: (763) 762-6549 | M8: zoyaorofacialpaindentalsleep.org | N8: Confirmed | O8: 1 | P8: Yes | Q8: 44721 | R8: Zoya's Orofacial Pain and Dental Sleep Remedies PLLC | S8: 1306513023 | T8: Map | U8: Record
A9: Bloomington Sleep and TMD Care PLLC | B9: TMJ Specialists | D9: TMJ Clinic, TMJ Treatment | F9: 9820 Nicollet Ave S | H9: Minneapolis | I9: Hennepin | J9: Twin Cities Metro | K9: 55420 | L9: (952) 856-0058 | N9: Unverified | O9: 0 | P9: No | Q9: 46106 | R9: Bloomington Sleep and TMD Care PLLC | S9: 1922947142 | T9: Map | U9: Record
A10: Hennepin Healthcare Dental & Oral Surgery | B10: TMJ Specialists | D10: Orofacial Pain | E10: Dennis Haley, DDS; Maram Taema, BDS, MS | F10: 715 S 8th St | H10: Minneapolis | I10: Hennepin | J10: Twin Cities Metro | K10: 55404 | L10: (612) 873-6963 | M10: hennepinhealthcare.org | N10: Confirmed | O10: 2 | P10: Yes | Q10: 45639 | R10: Dennis Haley, DDS | S10: 1902850738 | T10: Map | U10: Record
A11: M Health Fairview Neurosurgery Clinic Minneapolis | B11: TMJ Specialists | D11: TMJ Treatment | E11: Donald Nixdorf, DDS, MS | F11: 909 Fulton St SE | G11: Floor 3 | H11: Minneapolis | I11: Hennepin | J11: Twin Cities Metro | K11: 55455 | L11: (651) 232-3900 | M11: providers.mhealthfairview.org | N11: Confirmed | O11: 0 | P11: Yes | R11: M Health Fairview Neurosurgery Clinic Minneapolis | T11: Map | U11: Web
A12: The Facial Pain Center | B12: TMJ Specialists | D12: Orofacial Pain, TMJ Clinic | E12: Davina Kumar, DMD, MS | F12: 5000 W 36th St | G12: Ste 250 | H12: Minneapolis | I12: Hennepin | J12: Twin Cities Metro | K12: 55416 | L12: (952) 926-3858 | M12: thefacialpaincenter.com | N12: Confirmed | O12: 1 | P12: Yes | Q12: 45545 | R12: Davina Kumar, DMD | S12: 1043839574 | T12: Map | U12: Record
A13: University of Minnesota TMD, Orofacial Pain & Dental Sleep Medicine Clinic | B13: TMJ Specialists | D13: Orofacial Pain, TMJ Clinic | E13: Alexander Crain, DDS; Benjaporn Krubsack, DDS, MS; Emilija Bezhoska; Jack Botros, DDS, MS; Julianne Yuziuk, DMD; Richard Van Gurp, DMD; Saranya Varun, BDS, MDS | F13: 515 Delaware St SE | G13: 7-530 Moos Tower | H13: Minneapolis | I13: Hennepin | J13: Twin Cities Metro | K13: 55455 | L13: (612) 626-0140 | M13: dentalclinics.umn.edu | N13: Confirmed | O13: 9 | P13: Yes | Q13: 45467 | R13: Regents of the University of Minnesota | S13: 1457448615 | T13: Map | U13: Record
A14: The Facial Pain Center | B14: TMJ Specialists | D14: TMJ Treatment | E14: Patricia Fernandes Boettner, DDS, MS | F14: 13059 Ridgedale Dr | H14: Minnetonka | I14: Hennepin | J14: Twin Cities Metro | K14: 55305 | L14: (952) 926-3858 | M14: thefacialpaincenter.com | N14: Confirmed | O14: 0 | P14: Yes | Q14: 46245 | R14: Facial Pain Center PLLC | S14: 1407325830 | T14: Map | U14: Record
A15: Minnesota Head and Neck Pain Clinic, PA | B15: TMJ Specialists | D15: TMJ Clinic | E15: Cory Herman, DDS, MS; James Fricton, DDS, MS; Pathamas Mittman, DDS, MS; Preetanjali Thakur, BDS, MS | F15: 3475 Plymouth Blvd | G15: Ste 200 | H15: Plymouth | I15: Hennepin | J15: Twin Cities Metro | K15: 55447 | L15: (763) 577-2484 | M15: mhnpc.com | N15: Confirmed | O15: 3 | P15: Yes | Q15: 45490 | R15: Minnesota Head and Neck Pain Clinic, PA | S15: 1871975607 | T15: Map | U15: Record
A16: The Facial Pain Center | B16: TMJ Specialists | D16: Orofacial Pain, TMJ Clinic, TMJ Treatment | E16: Patricia Boettner, DDS, MS | F16: 1835 County Road C W | G16: Ste 200 | H16: Roseville | I16: Ramsey | J16: Twin Cities Metro | K16: 55113 | L16: (651) 636-2016 | M16: thefacialpaincenter.com | N16: Confirmed | O16: 1 | P16: Yes | Q16: 46245 | R16: Facial Pain Center PLLC | S16: 1407325830 | T16: Map | U16: Record
A17: HealthPartners St. Paul (Wabasha) Dental Clinic | B17: TMJ Specialists | C17: Oral Surgery | D17: Orofacial Pain, Oral & Maxillofacial Surgery | F17: 205 Wabasha St S | H17: St. Paul | I17: Ramsey | J17: Twin Cities Metro | K17: 55107 | L17: (651) 254-7373 | M17: healthpartners.com | N17: Confirmed | O17: 0 | P17: Yes | Q17: 46248 | R17: Group Health, INC. | S17: 1952042053 | T17: Map | U17: Record
A18: Minnesota Craniofacial Center for TMJ & Sleep Treatment | B18: TMJ Specialists | D18: TMJ Clinic | E18: Roy Hakala, DDS; Kim Ledermann | F18: 2550 University Ave W | G18: Ste 143N | H18: St. Paul | I18: Ramsey | J18: Twin Cities Metro | K18: 55114 | L18: (651) 642-1013 | M18: mncranio.com | N18: Confirmed | O18: 4 | P18: Yes | Q18: 41543 | R18: Minnesota Craniofacial Center Midway, PA. | S18: 1285757864 | T18: Map | U18: Record
A19: Minnesota Head and Neck Pain Clinic, PA | B19: TMJ Specialists | D19: TMJ Clinic | E19: James Fricton, DDS; Pathamas Mittman, DDS, MS; Preetanjali Thakur, BDS | F19: 2550 University Ave W | G19: Ste 189S | H19: St. Paul | I19: Ramsey | J19: Twin Cities Metro | K19: 55114 | L19: (651) 332-7474 | M19: mhnpc.com | N19: Confirmed | O19: 4 | P19: Yes | Q19: 45490 | R19: Minnesota Head and Neck Pain Clinic, PA | S19: 1104850155 | T19: Map | U19: Record
A20: TMJ & Sleep Therapy Centre of St. Paul (at Smiles of Distinction Dentistry) | B20: TMJ Specialists | D20: TMJ Treatment | E20: Bart Schultz, DDS | F20: 4300 Egan Dr | H20: Savage | I20: Scott | J20: Twin Cities Metro | K20: 55378 | L20: (952) 894-2545 | M20: tmjandsleeptherapycentreofminnesota.com | N20: Confirmed | O20: 0 | P20: Yes | R20: TMJ & Sleep Therapy Centre of St. Paul (at Smiles of Distinction Dentistry) | T20: Map | U20: Web
A21: The Facial Pain Center | B21: TMJ Specialists | D21: Orofacial Pain | E21: Davina Kumar, DMD, MS | F21: 4155 Dean Lakes Blvd | H21: Shakopee | I21: Scott | J21: Twin Cities Metro | K21: 55379 | L21: (952) 926-3858 | M21: thefacialpaincenter.com | N21: Confirmed | O21: 1 | P21: Yes | Q21: 45545 | R21: Davina Kumar, DMD | S21: 1043839574 | T21: Map | U21: Record
A22: Ross Orthodontics (Dr. Gregory Ross) | B22: TMJ Specialists | D22: TMJ Treatment | F22: 368 Lake St S | G22: Ste 101 | H22: Forest Lake | I22: Washington | J22: Twin Cities Metro | K22: 55025 | L22: (651) 464-6988 | M22: my.officite.com | N22: Confirmed | O22: 0 | P22: Yes | Q22: 45295 | R22: Rossodontics Dental Sleep Medicine | S22: 1588094171 | T22: Map | U22: Record
A23: HealthPartners TMD Lake Elmo | B23: TMJ Specialists | D23: Orofacial Pain, TMJ Clinic | E23: Darrell Boychuk, DDS, MS | F23: 8515 Eagle Point Blvd | G23: Ste 200 | H23: Lake Elmo | I23: Washington | J23: Twin Cities Metro | K23: 55042 | L23: (651) 523-9951 | M23: healthpartners.com | N23: Confirmed | O23: 0 | P23: Yes | Q23: 46240 | R23: Group Health, INC. | S23: 1811288269 | T23: Map | U23: Record
A24: Carlson Dental Group | B24: TMJ Specialists | D24: TMJ Treatment | E24: Sarah Carlson, DDS | F24: 1701 Curve Crest Blvd W | G24: Ste 100 | H24: Stillwater | I24: Washington | J24: Twin Cities Metro | K24: 55082 | L24: (651) 439-8840 | M24: stillwaterbeautifulsmiles.com | N24: Confirmed | O24: 0 | P24: Yes | Q24: 44992 | R24: Carlson Distinctive Dentistry, PLLC | S24: 1598243990 | T24: Map | U24: Record
A25: Minnesota Head and Neck Pain Clinic, PA | B25: TMJ Specialists | D25: Orofacial Pain, TMJ Clinic | F25: 9950 Valley Creek Rd | G25: Ste 100 | H25: Woodbury | I25: Washington | J25: Twin Cities Metro | K25: 55125 | L25: (651) 332-7474 | M25: mhnpc.com | N25: Confirmed | O25: 0 | P25: Yes | Q25: 46252 | R25: Minnesota Head and Neck Pain Clinic, PA | S25: 1710854369 | T25: Map | U25: Record
A26: The Facial Pain Center | B26: TMJ Specialists | D26: TMJ Treatment | E26: Patricia Fernandes Boettner, DDS, MS | F26: 241 Radio Dr | H26: Woodbury | I26: Washington | J26: Twin Cities Metro | K26: 55125 | L26: (651) 636-2016 | M26: thefacialpaincenter.com | N26: Confirmed | O26: 0 | P26: Yes | Q26: 46245 | R26: Facial Pain Center PLLC | S26: 1407325830 | T26: Map | U26: Record
A27: Hanson Dental | B27: TMJ Specialists | D27: TMJ Treatment | F27: 1100 Highway 25 North | G27: Ste 1 | H27: Buffalo | I27: Wright | J27: Twin Cities Metro | K27: 55313 | L27: (763) 682-9796 | M27: hansondental.com | N27: Confirmed | O27: 0 | P27: Yes | Q27: 39729 | R27: Thomas M Hanson Dds PA | S27: 1871663831 | T27: Map | U27: Record
A28: MN Center for Dental Care | B28: TMJ Specialists | D28: TMJ Treatment | E28: Paul Sheils, DDS | F28: 9075 Quaday Ave NE | G28: Ste 102 | H28: Otsego | I28: Wright | J28: Twin Cities Metro | K28: 55330 | L28: (763) 972-0440 | M28: mncenterfordentalcare.com | N28: Confirmed | O28: 0 | P28: Yes | Q28: 45483 | R28: Minnesota Dental Implants | S28: 1386312411 | T28: Map | U28: Record
A29: Minnesota Head & Neck Pain Clinic | B29: TMJ Specialists | D29: Orofacial Pain, TMJ Clinic | E29: Pathamas Mittman, DDS, MS | F29: 622 Roosevelt Rd | H29: St. Cloud | I29: Stearns | J29: Central Minnesota | K29: 56301 | L29: (763) 233-7252 | M29: mhnpc.com | N29: Confirmed | O29: 1 | P29: Yes | Q29: 45490 | R29: Minnesota Head and Neck Pain Clinic, PA | S29: 1003316852 | T29: Map | U29: Record
A30: Riverfront Dental | B30: TMJ Specialists | D30: TMJ Treatment | E30: Grant Colling, DDS | F30: 124 E Lincoln Ave | H30: Fergus Falls | I30: Otter Tail | J30: West Central Minnesota | K30: 56537 | L30: (218) 736-5627 | N30: New address | O30: 0 | P30: Yes | Q30: 45257 | R30: Scott Wagnild Dds,llc | S30: 1033723309 | T30: Map | U30: Record
A31: Hyland Dental | B31: TMJ Specialists | D31: TMJ Treatment | E31: Amanda Hyland, DDS | F31: 810 Independence Dr | H31: Mankato | I31: Blue Earth | J31: South Central Minnesota | K31: 56001 | L31: (507) 387-3249 | M31: hylanddental.net | N31: Confirmed | O31: 0 | P31: Yes | Q31: 44916 | R31: Amanda L. Hyland D.d.s. PA | S31: 1780108209 | T31: Map | U31: Record
A32: Honor Dental | B32: TMJ Specialists | D32: TMJ Treatment | E32: Andrew Greenslade, DMD | F32: 2112 Viking Dr NW | H32: Rochester | I32: Olmsted | J32: Southeast Minnesota | K32: 55901 | L32: (507) 288-1101 | M32: honordentalrochester.com | N32: Confirmed | O32: 0 | P32: Yes | Q32: 45821 | R32: Honor Dental PLLC | S32: 1003702408 | T32: Map | U32: Record
A33: Mayo Clinic – Orofacial Pain (Dental Specialties) | B33: TMJ Specialists | D33: Orofacial Pain | E33: Subha Giri, BDS, MS | F33: 200 1st St SW | H33: Rochester | I33: Olmsted | J33: Southeast Minnesota | K33: 55905 | L33: (507) 284-2511 | M33: mayoclinic.org | N33: Confirmed | O33: 1 | P33: Yes | Q33: 45383 | R33: Imran Patel | S33: 1780066282 | T33: Map | U33: Record
A34: Respira | B34: TMJ Specialists | D34: TMJ Treatment | E34: Ryan Henrichsen, DDS, MAGD | F34: 1309 Salem Rd SW | H34: Rochester | I34: Olmsted | J34: Southeast Minnesota | K34: 55902 | L34: (507) 701-1127 | M34: respirawell.com | N34: Confirmed | O34: 0 | P34: Yes | Q34: 45965 | R34: Respira, LTD | S34: 1255928917 | T34: Map | U34: Record

Sheet Oral Surgeons (TMJ)
A1: Clinic Name | B1: Specialty Group | C1: Also In | D1: Specialties | E1: Oral Surgeons Here | F1: Street | G1: Suite | H1: City | I1: County | J1: Region | K1: ZIP | L1: Phone | M1: Website | N1: Web Check | O1: Treats TMJ | P1: Providers at Address | Q1: On Xpert Connect | R1: Registry Updated | S1: Legal Name | T1: NPI | U1: Map | V1: NPPES Record
A2: OMS Specialists | B2: Oral Surgery | D2: Oral & Maxillofacial Surgery | F2: 11855 Ulysses Street NE | G2: 130 | H2: Blaine | I2: Anoka | J2: Twin Cities Metro | K2: 55434 | L2: (763) 757-2220 | M2: omsspecialists.com | N2: New address | O2: Yes | P2: 0 | Q2: Yes | R2: 41849 | S2: Oral & Maxillofacial Surgery Specialists, PA | T2: 1467563510 | U2: Map | V2: Record
A3: Associated Oral & Maxillofacial Surgeons (Associated OMS) | B3: Oral Surgery | D3: Oral & Maxillofacial Surgery | F3: 3833 Coon Rapids Blvd NW | H3: Coon Rapids | I3: Anoka | J3: Twin Cities Metro | K3: 55433 | L3: (763) 421-6271 | M3: associatedoms.com | N3: Confirmed | O3: Yes | P3: 1 | Q3: Yes | R3: 45441 | S3: MN Dental Service Providers LLC | T3: 1649043662 | U3: Map | V3: Record
A4: OMS Specialists | B4: Oral Surgery | D4: Oral & Maxillofacial Surgery | F4: 490 S Maple St | G4: Ste 102 | H4: Waconia | I4: Carver | J4: Twin Cities Metro | K4: 55387 | L4: (952) 442-5448 | M4: omsspecialists.com | N4: Confirmed | O4: Yes | P4: 1 | Q4: Yes | R4: 41849 | S4: Oral & Maxillofacial Surgery Specialists, PA | T4: 1770694812 | U4: Map | V4: Record
A5: Twin Cities Oral & Maxillofacial Surgery PA. | B5: Oral Surgery | D5: Oral & Maxillofacial Surgery | F5: 925 Highway 55 | G5: 202 | H5: Hastings | I5: Dakota | J5: Twin Cities Metro | K5: 55033 | L5: (651) 437-3262 | M5: tcoralsurgery.com | N5: Confirmed | O5: Yes | P5: 0 | Q5: Yes | R5: 39771 | S5: Twin Cities Oral & Maxillofacial Surgery PA. | T5: 1083792279 | U5: Map | V5: Record
A6: Oral and Maxillofacial Surgical Consultants PA | B6: Oral Surgery | D6: Oral & Maxillofacial Surgery | F6: 7770 Dell Road | G6: Ste 100 | H6: Chanhassen | I6: Hennepin | J6: Twin Cities Metro | K6: 55317 | L6: (952) 975-0605 | M6: omscmn.com | N6: Confirmed | O6: Yes | P6: 0 | Q6: Yes | R6: 42180 | S6: Oral and Maxillofacial Surgical Consultants PA | T6: 1720206428 | U6: Map | V6: Record
A7: EOS Expert Oral Surgery | B7: Oral Surgery | D7: Oral & Maxillofacial Surgery | F7: 11800 Singletree Ln | G7: Ste 404 | H7: Eden Prairie | I7: Hennepin | J7: Twin Cities Metro | K7: 55344 | L7: (952) 452-9151 | M7: eosoralsurgery.com | N7: Confirmed | O7: Yes | P7: 0 | Q7: Yes | R7: 44896 | S7: Midwest Oral & Facial Surgery PLLC | T7: 1063122976 | U7: Map | V7: Record
A8: Oral and Maxillofacial Surgical Consultants PA | B8: Oral Surgery | D8: Oral & Maxillofacial Surgery | E8: James Omlie, DDS | F8: 7373 France Ave S | G8: Ste 602 | H8: Edina | I8: Hennepin | J8: Twin Cities Metro | K8: 55435 | L8: (952) 835-5003 | M8: omscmn.com | N8: Confirmed | O8: Yes | P8: 9 | Q8: Yes | R8: 42180 | S8: Oral and Maxillofacial Surgical Consultants PA | T8: 1619049921 | U8: Map | V8: Record
A9: Associated Oral & Maxillofacial Surgeons | B9: Oral Surgery | D9: Oral & Maxillofacial Surgery | F9: 12000 Elm Creek Blvd N | H9: Maple Grove | I9: Hennepin | J9: Twin Cities Metro | K9: 55369 | L9: (763) 416-9990 | M9: associatedoms.com | N9: Confirmed | O9: Yes | P9: 1 | Q9: Yes | R9: 45231 | S9: MN Dental Service Providers LLC | T9: 1649043662 | U9: Map | V9: Record
A10: OMS Specialists | B10: Oral Surgery | D10: Oral & Maxillofacial Surgery | F10: 13950 Grove Dr | G10: #100 | H10: Maple Grove | I10: Hennepin | J10: Twin Cities Metro | K10: 55311 | L10: (763) 494-8825 | M10: omsspecialists.com | N10: New address | O10: Yes | P10: 0 | Q10: Yes | R10: 41849 | S10: Oral & Maxillofacial Surgery Specialists, PA | T10: 1902917057 | U10: Map | V10: Record
A11: Facial Designs, P.A. | B11: Oral Surgery | D11: Oral & Maxillofacial Surgery | F11: 11601 Minnetonka Mills Rd | H11: Minnetonka | I11: Hennepin | J11: Twin Cities Metro | K11: 55305 | L11: (952) 935-8420 | M11: facial-designs.com | N11: Confirmed | O11: Yes | P11: 3 | Q11: Yes | R11: 45547 | S11: Affiliated Oral and Maxillofacial Surgeons PA. | T11: 1679620801 | U11: Map | V11: Record
A12: Minnesota Maxillofacial and Oral Consultants | B12: Oral Surgery | D12: Oral & Maxillofacial Surgery | F12: 15600 36th Ave N | G12: Ste 100 | H12: Plymouth | I12: Hennepin | J12: Twin Cities Metro | K12: 55446 | L12: (763) 559-7688 | M12: mnmax.com | N12: Confirmed | O12: Yes | P12: 0 | Q12: Yes | R12: 44065 | S12: Minnesota Maxillofacial and Oral Consultants | T12: 1417034661 | U12: Map | V12: Record
A13: HealthPartners Dental Clinic St. Louis Park | B13: Oral Surgery | D13: Oral & Maxillofacial Surgery | F13: 5500 Excelsior Blvd | H13: St. Louis Park | I13: Hennepin | J13: Twin Cities Metro | K13: 55416 | L13: (952) 853-9120 | M13: healthpartners.com | N13: Confirmed | O13: Yes | P13: 0 | Q13: Yes | R13: 46248 | S13: Group Health, INC. | T13: 1699272427 | U13: Map | V13: Record
A14: Oral and Maxillofacial Surgical Consultants PA | B14: Oral Surgery | D14: Oral & Maxillofacial Surgery | F14: 250 Central Ave N | G14: Suite126 | H14: Wayzata | I14: Hennepin | J14: Twin Cities Metro | K14: 55391 | L14: (952) 475-2266 | M14: omscmn.com | N14: Confirmed | O14: Yes | P14: 0 | Q14: Yes | R14: 42180 | S14: Oral and Maxillofacial Surgical Consultants PA | T14: 1265650956 | U14: Map | V14: Record
A15: OMS Specialists | B15: Oral Surgery | D15: Oral & Maxillofacial Surgery | F15: 1595 2nd Ave NE | G15: Ste 120 | H15: Cambridge | I15: Isanti | J15: Twin Cities Metro | K15: 55008 | L15: (763) 691-8827 | M15: omsspecialists.com | N15: Confirmed | O15: Yes | P15: 1 | Q15: Yes | R15: 41849 | S15: Oral & Maxillofacial Surgery Specialists, PA | T15: 1508160060 | U15: Map | V15: Record
A16: OMS Specialists | B16: Oral Surgery | D16: Oral & Maxillofacial Surgery | F16: 550 County Road D | G16: Ste 12 | H16: New Brighton | I16: Ramsey | J16: Twin Cities Metro | K16: 55421 | L16: (612) 788-9246 | M16: omsspecialists.com | N16: Confirmed | O16: Yes | P16: 0 | Q16: Yes | R16: 41849 | S16: Oral & Maxillofacial Surgery Specialists, PA | T16: 1982634010 | U16: Map | V16: Record
A17: Momenta Oral & Maxillofacial Surgery | B17: Oral Surgery | D17: Oral & Maxillofacial Surgery | E17: Emad Abdou, DDS | F17: 700 Village Center Dr | G17: Ste 170 | H17: North Oaks | I17: Ramsey | J17: Twin Cities Metro | K17: 55127 | L17: (651) 482-0065 | M17: momentaoms.com | N17: Confirmed | O17: Yes | P17: 2 | Q17: Yes | R17: 43628 | S17: Momenta, PC | T17: 1497814032 | U17: Map | V17: Record
A18: St. Paul Oral Surgery | B18: Oral Surgery | D18: Oral & Maxillofacial Surgery | F18: 2550 University Ave W | G18: Ste 115N | H18: St. Paul | I18: Ramsey | J18: Twin Cities Metro | K18: 55114 | L18: (651) 645-6429 | M18: stpauloralsurgery.com | N18: Confirmed | O18: Yes | P18: 3 | Q18: Yes | R18: 44683 | S18: St Paul Oral Surgery and Dental Implants LLC | T18: 1043870645 | U18: Map | V18: Record
A19: EOS Oral Surgery | B19: Oral Surgery | D19: Oral & Maxillofacial Surgery | E19: Jee Hyun Lyu, DDS | F19: 13875 Hwy 13 Frontage Rd | G19: Ste 50 | H19: Savage | I19: Scott | J19: Twin Cities Metro | K19: 55378 | L19: (952) 452-9151 | M19: eosoralsurgery.com | N19: Confirmed | O19: Yes | P19: 2 | Q19: Yes | R19: 44896 | S19: Midwest Oral & Facial Surgery PLLC | T19: 1063122976 | U19: Map | V19: Record
A20: EOS: Expert Oral Surgery | B20: Oral Surgery | D20: Oral & Maxillofacial Surgery | F20: 403 East First Avenue | H20: Shakopee | I20: Scott | J20: Twin Cities Metro | K20: 55379 | L20: (952) 452-9151 | M20: eosoralsurgery.com | N20: New address | O20: Yes | P20: 0 | Q20: Yes | R20: 44896 | S20: Midwest Oral & Facial Surgery PLLC | T20: 1063122976 | U20: Map | V20: Record
A21: Associated Oral & Maxillofacial Surgeons (Elk River) | B21: Oral Surgery | D21: Oral & Maxillofacial Surgery | F21: 501 Main St NW | H21: Elk River | I21: Sherburne | J21: Twin Cities Metro | K21: 55330 | L21: (763) 274-1092 | M21: associatedoms.com | N21: Confirmed | O21: Yes | P21: 1 | Q21: Yes | R21: 45231 | S21: MN Dental Service Providers LLC | T21: 1649043662 | U21: Map | V21: Record
A22: The Oral Surgery Center | B22: Oral Surgery | D22: Oral & Maxillofacial Surgery | F22: 2850 Curve Crest Blvd | G22: Ste 130 | H22: Stillwater | I22: Washington | J22: Twin Cities Metro | K22: 55082 | L22: (651) 233-2141 | M22: theoralsurgerycenter.com | N22: Confirmed | O22: Yes | P22: 0 | Q22: Yes | R22: 40471 | S22: Great Lakes Oral & Maxillofacial Surgery, PA. | T22: 1508058322 | U22: Map | V22: Record
A23: The Oral Surgery Center | B23: Oral Surgery | D23: Oral & Maxillofacial Surgery | E23: Emily Snodgrass, DDS | F23: 748 Bielenberg Drive | G23: Ste 160 | H23: Woodbury | I23: Washington | J23: Twin Cities Metro | K23: 55125 | L23: (651) 233-2140 | M23: theoralsurgerycenter.com | N23: Confirmed | O23: Yes | P23: 2 | Q23: Yes | R23: 44827 | S23: The Oral Surgery Center | T23: 1104864529 | U23: Map | V23: Record
A24: Associated Oral & Maxillofacial Surgeons | B24: Oral Surgery | D24: Oral & Maxillofacial Surgery | F24: 215 Highway 55 E | H24: Buffalo | I24: Wright | J24: Twin Cities Metro | K24: 55313 | L24: (763) 682-3410 | M24: associatedoms.com | N24: Confirmed | O24: Yes | P24: 1 | Q24: Yes | R24: 45231 | S24: MN Dental Service Providers LLC | T24: 1649043662 | U24: Map | V24: Record
A25: Associated Oral & Maxillofacial Surgeons (Associated OMS) | B25: Oral Surgery | D25: Oral & Maxillofacial Surgery | F25: 114 W 3rd St | H25: Monticello | I25: Wright | J25: Twin Cities Metro | K25: 55362 | L25: (763) 271-6770 | M25: associatedoms.com | N25: Confirmed | O25: Yes | P25: 1 | Q25: Yes | R25: 45231 | S25: MN Dental Service Providers LLC | T25: 1649043662 | U25: Map | V25: Record
A26: Minnesota Oral & Facial Surgery | B26: Oral Surgery | D26: Oral & Maxillofacial Surgery | F26: 2380 Troop Drive | G26: Ste 202 | H26: Sartell | I26: Stearns | J26: Central Minnesota | K26: 56377 | L26: (320) 257-9555 | M26: mnofs.com | N26: Confirmed | O26: Yes | P26: 1 | Q26: Yes | R26: 44065 | S26: Central Lakes Oral & Facial Surgery | T26: 1386723575 | U26: Map | V26: Record
A27: Centrasota Oral Surgeons | B27: Oral Surgery | D27: Oral & Maxillofacial Surgery | E27: Donald Primley, DDS, MS; Eric Stine, DDS, MS; Griffin Sonstegard, DDS; Harold Machesky, DDS, MS; Nicholas Kenning, DDS, MD; Sean Welander, DDS | F27: 3950 Veterans Dr | G27: Ste 100 | H27: St. Cloud | I27: Stearns | J27: Central Minnesota | K27: 56303 | L27: (320) 252-3611 | M27: centrasotaoms.com | N27: Confirmed | O27: Yes | P27: 11 | Q27: Yes | R27: 44065 | S27: Centrasota Oral & Maxillofacial Surgeons, PA. | T27: 1598710477 | U27: Map | V27: Record
A28: Oral and Maxillofacial Surgery Associates, LTD | B28: Oral Surgery | D28: Oral & Maxillofacial Surgery | F28: 1903 S 6th St | G28: Ste 4 | H28: Brainerd | I28: Crow Wing | J28: Northeast Minnesota | K28: 56401 | L28: (218) 829-1728 | M28: omsabrainerd.com | N28: Confirmed | O28: Yes | P28: 4 | Q28: Yes | R28: 39455 | S28: Oral and Maxillofacial Surgery Associates, LTD | T28: 1942382379 | U28: Map | V28: Record
A29: Blue Water Oral and Facial Surgery | B29: Oral Surgery | D29: Oral & Maxillofacial Surgery | F29: 303 SE 1st St | H29: Grand Rapids | I29: Itasca | J29: Northeast Minnesota | K29: 55744 | L29: (218) 326-0349 | M29: bluewateroral.surgery | N29: Confirmed | O29: Yes | P29: 0 | Q29: Yes | R29: 45694 | S29: Oral and Maxillofacial Surgical Associates PA | T29: 1679668529 | U29: Map | V29: Record
A30: Blue Water Oral and Facial Surgery | B30: Oral Surgery | D30: Oral & Maxillofacial Surgery | E30: Eric Scotland, DDS; Scott Varland, DDS | F30: 1000 E 1st St | G30: Ste 108 | H30: Duluth | I30: St. Louis | J30: Northeast Minnesota | K30: 55805 | L30: (218) 722-1854 | M30: bluewateroral.surgery | N30: Confirmed | O30: Yes | P30: 6 | Q30: Yes | R30: 45694 | S30: Oral and Maxillofacial Surgical Associates PA | T30: 1104911056 | U30: Map | V30: Record
A31: Northern Oral Surgery & Implant Center | B31: Oral Surgery | D31: Oral & Maxillofacial Surgery | E31: Mark Ash, DDS | F31: 3617 W Arrowhead Rd | H31: Duluth | I31: St. Louis | J31: Northeast Minnesota | K31: 55811 | L31: (218) 722-8377 | M31: northernoralsurgeons.com | N31: Confirmed | O31: Yes | P31: 6 | Q31: Yes | R31: 39512 | S31: Northern Oral & Maxillofacial Surgeons, PA | T31: 1457401820 | U31: Map | V31: Record
A32: Blue Water Oral and Facial Surgery | B32: Oral Surgery | D32: Oral & Maxillofacial Surgery | F32: 505 S 12th Ave W | G32: Ste 2 | H32: Virginia | I32: St. Louis | J32: Northeast Minnesota | K32: 55792 | L32: (218) 741-0894 | M32: bluewateroral.surgery | N32: Confirmed | O32: Yes | P32: 0 | Q32: Yes | R32: 45694 | S32: Oral and Maxillofacial Surgical Associates PA | T32: 1417042367 | U32: Map | V32: Record
A33: Southeastern Minnesota Oral & Maxillofacial Surgery Associates, PLLC | B33: Oral Surgery | D33: Oral & Maxillofacial Surgery | E33: Courtney Anderson, DDS | F33: 1410 Madison Ave | H33: Mankato | I33: Blue Earth | J33: South Central Minnesota | K33: 56001 | L33: (507) 344-8698 | M33: semoms.com | N33: Confirmed | O33: Yes | P33: 1 | Q33: Yes | R33: 46295 | S33: Southeastern Minnesota Oral & Maxillofacial Surgery Associates, PLLC | T33: 1659492312 | U33: Map | V33: Record
A34: Southeastern Minnesota Oral & Maxillofacial Surgery Associates, PLLC | B34: Oral Surgery | D34: Oral & Maxillofacial Surgery | E34: Dietrich Lawrenz, MD DDS | F34: 2519 Commerce Dr NW | G34: Ste 110 | H34: Rochester | I34: Olmsted | J34: Southeast Minnesota | K34: 55901 | L34: (507) 281-5000 | M34: semoms.com | N34: Confirmed | O34: Yes | P34: 1 | Q34: Yes | R34: 46295 | S34: Southeastern Minnesota Oral & Maxillofacial Surgery Associates, PLLC | T34: 1659492312 | U34: Map | V34: Record

Sheet Older Entries
A1: Clinic Name | B1: Specialty Group | C1: Also In | D1: Specialties | E1: TMJ Specialists Here | F1: Street | G1: Suite | H1: City | I1: County | J1: Region | K1: ZIP | L1: Phone | M1: Website | N1: Web Check | O1: Providers at Address | P1: On Xpert Connect | Q1: Registry Updated | R1: Legal Name | S1: NPI | T1: Map | U1: NPPES Record
A2: Beth Groenke, DDS, MS | B2: TMJ Specialists | D2: Orofacial Pain | F2: 7600 France Ave S | G2: Ste 100 | H2: Edina | I2: Hennepin | J2: Twin Cities Metro | K2: 55435 | L2: (888) 964-6681 | N2: Unverified | O2: 1 | P2: No | Q2: 44496 | R2: Beth Groenke, DDS, MS | S2: 1447699335 | T2: Map | U2: Record

Sheet About
A1: Minnesota TMJ Clinics: how this list was made
A3: What is in it
A4: TMJ Clinics: dentists registered in Orofacial Pain, the dental specialty for TMJ disorders; clinics whose name says TMJ, TMD or facial pain; and dental practices found on the web that make TMJ a focus, in their name, as a headline service, or through orofacial-pain board certification or training.
A5: Oral Surgeons (TMJ): oral and maxillofacial surgery practices, which operate on the jaw joint, whose own website offers TMJ treatment. Surgeons whose website does not mention TMJ are left out.
A7: Sources
A8: NPPES, the federal NPI Registry run by CMS (npiregistry.cms.hhs.gov), searched for the whole state ZIP code by ZIP code. Every healthcare provider that bills in the US is registered there.
A9: A statewide web search for TMJ practices the registry does not label as TMJ: the Twin Cities and its suburbs, more than 50 Greater Minnesota cities and towns, the regional health systems (Essentia, Sanford, CentraCare, Mayo Clinic Health System, Gundersen and others), and the member directories of the American Board of Orofacial Pain, the American Academy of Orofacial Pain and the American Academy of Craniofacial Pain. Outside the Twin Cities, Rochester and St. Cloud, few dentists make TMJ a focus.
A11: Web check
A12: Every clinic was looked up on the web in October 2026. Website is the clinic's own site. Web Check: Confirmed means it was seen operating at the address shown; New address means it moved and the address shown is the new one; Unverified means it could not be confirmed either way. Clinics found closed were removed.
A13: The Older Entries sheet holds clinics whose registry entry has not been updated since before 2022 and that the web check could not confirm. Call before relying on one.
A15: Columns
A16: TMJ Specialists Here and Oral Surgeons Here name the individual specialists registered at that address with the clinic's phone number, whose own registry entry has been updated since 2022.
... A27: TMJ and oral surgery: 117 clinics looked up on the web in October 2026. 86 were confirmed at their address, 10 had moved (the new address is shown), 13 could not be confirmed, and 8 had closed and were removed.
